{"cameraMode":{"drawMode":0,"name":"Shaded","section":"Shading Mode"},"sceneLighting":true,"audioPlay":false,"sceneViewState":{"m_AlwaysRefresh":false,"showFog":true,"showSkybox":false,"showFlares":true,"showImageEffects":true,"showParticleSystems":true,"showVisualEffectGraphs":true,"m_FxEnabled":true},"in2DMode":false,"pivot":{"x":3.103717565536499,"y":2.2592992782592775,"z":8.555322647094727},"rotation":{"x":0.09524055570363999,"y":0.2514664828777313,"z":-0.032207269221544269,"w":0.9626423716545105},"size":0.9652722477912903,"orthographic":false}