{"cameraMode":{"drawMode":0,"name":"Shaded","section":"Shading Mode"},"sceneLighting":true,"audioPlay":false,"sceneViewState":{"m_AlwaysRefresh":false,"showFog":true,"showSkybox":false,"showFlares":true,"showImageEffects":true,"showParticleSystems":true,"showVisualEffectGraphs":true,"m_FxEnabled":true},"in2DMode":false,"pivot":{"x":6.358234405517578,"y":0.11416742205619812,"z":18.476110458374025},"rotation":{"x":-0.13966239988803864,"y":-0.06820714473724365,"z":0.016790376976132394,"w":-0.9877052307128906},"size":9.40058422088623,"orthographic":false}