{"cameraMode":{"drawMode":0,"name":"Shaded","section":"Shading Mode"},"sceneLighting":true,"audioPlay":false,"sceneViewState":{"m_AlwaysRefresh":false,"showFog":true,"showSkybox":false,"showFlares":true,"showImageEffects":true,"showParticleSystems":true,"showVisualEffectGraphs":true,"m_FxEnabled":true},"in2DMode":false,"pivot":{"x":5.170720100402832,"y":-1.1663625240325928,"z":12.223711967468262},"rotation":{"x":-0.06389079988002777,"y":-0.9353158473968506,"z":0.2652207612991333,"w":-0.22531510889530183},"size":5.5995683670043949,"orthographic":false}